{
  "SAC|corridor": {
    "score": 235.818021137733,
    "speed": 1.3208092749118805,
    "tempo": 12.399999999999972
  },
  "carro_rapido|corridor": {
    "score": 491.45704504847527,
    "speed": 12.278731733560562,
    "tempo": 5.399999999999997
  }
}