{
  "SAC|corridor": {
    "score": 235.818021137733,
    "speed": 1.3208092749118805,
    "tempo": 12.399999999999972
  }
}